"International travellers entering or returning to Canada, by type of transportation and traveller type 1"
"Frequency: Monthly"
"Table: 24-10-0053-01"
"Release date: 2023-02-22"
"Geography: Canada, Province or territory"
""
""

"Geography","Canada",,,,,,,,,,,,,,,,,,,,,,,,,,,,,,,,,,,,,,,,,,,,,,,,,,,,,,,,,,,,,,,,,,,,,,,,,,,,,,,,,,,,,,,,,,,,,,,,,,,,,,,,,,,,,,,,,,,,,,,,,,,,,,,,,,,,,,,,,,,,,,,,,,,,,,,,,,,,,,,,,,,,,,,,,,,,,,,,,,,
,"January 2018",,,"February 2018",,,"March 2018",,,"April 2018",,,"May 2018",,,"June 2018",,,"July 2018",,,"August 2018",,,"September 2018",,,"October 2018",,,"November 2018",,,"December 2018",,,"January 2019",,,"February 2019",,,"March 2019",,,"April 2019",,,"May 2019",,,"June 2019",,,"July 2019",,,"August 2019",,,"September 2019",,,"October 2019",,,"November 2019",,,"December 2019",,,"January 2020",,,"February 2020",,,"March 2020",,,"April 2020",,,"May 2020",,,"June 2020",,,"July 2020",,,"August 2020",,,"September 2020",,,"October 2020",,,"November 2020",,,"December 2020",,,"January 2021",,,"February 2021",,,"March 2021",,,"April 2021",,,"May 2021",,,"June 2021",,,"July 2021",,,"August 2021",,,"September 2021",,,"October 2021",,,"November 2021",,,"December 2021",,,"January 2022",,,"February 2022",,,"March 2022",,,"April 2022",,,"May 2022",,,"June 2022",,,"July 2022",,,"August 2022",,,"September 2022",,,"October 2022",,,"November 2022",,,"December 2022",,
"Traveller type","Travellers","Excursionists (same-day) 2 3","Tourists (overnight) 2 3","Travellers","Excursionists (same-day) 2 3","Tourists (overnight) 2 3","Travellers","Excursionists (same-day) 2 3","Tourists (overnight) 2 3","Travellers","Excursionists (same-day) 2 3","Tourists (overnight) 2 3","Travellers","Excursionists (same-day) 2 3","Tourists (overnight) 2 3","Travellers","Excursionists (same-day) 2 3","Tourists (overnight) 2 3","Travellers","Excursionists (same-day) 2 3","Tourists (overnight) 2 3","Travellers","Excursionists (same-day) 2 3","Tourists (overnight) 2 3","Travellers","Excursionists (same-day) 2 3","Tourists (overnight) 2 3","Travellers","Excursionists (same-day) 2 3","Tourists (overnight) 2 3","Travellers","Excursionists (same-day) 2 3","Tourists (overnight) 2 3","Travellers","Excursionists (same-day) 2 3","Tourists (overnight) 2 3","Travellers","Excursionists (same-day) 2 3","Tourists (overnight) 2 3","Travellers","Excursionists (same-day) 2 3","Tourists (overnight) 2 3","Travellers","Excursionists (same-day) 2 3","Tourists (overnight) 2 3","Travellers","Excursionists (same-day) 2 3","Tourists (overnight) 2 3","Travellers","Excursionists (same-day) 2 3","Tourists (overnight) 2 3","Travellers","Excursionists (same-day) 2 3","Tourists (overnight) 2 3","Travellers","Excursionists (same-day) 2 3","Tourists (overnight) 2 3","Travellers","Excursionists (same-day) 2 3","Tourists (overnight) 2 3","Travellers","Excursionists (same-day) 2 3","Tourists (overnight) 2 3","Travellers","Excursionists (same-day) 2 3","Tourists (overnight) 2 3","Travellers","Excursionists (same-day) 2 3","Tourists (overnight) 2 3","Travellers","Excursionists (same-day) 2 3","Tourists (overnight) 2 3","Travellers","Excursionists (same-day) 2 3","Tourists (overnight) 2 3","Travellers","Excursionists (same-day) 2 3","Tourists (overnight) 2 3","Travellers","Excursionists (same-day) 2 3","Tourists (overnight) 2 3","Travellers","Excursionists (same-day) 2 3","Tourists (overnight) 2 3","Travellers","Excursionists (same-day) 2 3","Tourists (overnight) 2 3","Travellers","Excursionists (same-day) 2 3","Tourists (overnight) 2 3","Travellers","Excursionists (same-day) 2 3","Tourists (overnight) 2 3","Travellers","Excursionists (same-day) 2 3","Tourists (overnight) 2 3","Travellers","Excursionists (same-day) 2 3","Tourists (overnight) 2 3","Travellers","Excursionists (same-day) 2 3","Tourists (overnight) 2 3","Travellers","Excursionists (same-day) 2 3","Tourists (overnight) 2 3","Travellers","Excursionists (same-day) 2 3","Tourists (overnight) 2 3","Travellers","Excursionists (same-day) 2 3","Tourists (overnight) 2 3","Travellers","Excursionists (same-day) 2 3","Tourists (overnight) 2 3","Travellers","Excursionists (same-day) 2 3","Tourists (overnight) 2 3","Travellers","Excursionists (same-day) 2 3","Tourists (overnight) 2 3","Travellers","Excursionists (same-day) 2 3","Tourists (overnight) 2 3","Travellers","Excursionists (same-day) 2 3","Tourists (overnight) 2 3","Travellers","Excursionists (same-day) 2 3","Tourists (overnight) 2 3","Travellers","Excursionists (same-day) 2 3","Tourists (overnight) 2 3","Travellers","Excursionists (same-day) 2 3","Tourists (overnight) 2 3","Travellers","Excursionists (same-day) 2 3","Tourists (overnight) 2 3","Travellers","Excursionists (same-day) 2 3","Tourists (overnight) 2 3","Travellers","Excursionists (same-day) 2 3","Tourists (overnight) 2 3","Travellers","Excursionists (same-day) 2 3","Tourists (overnight) 2 3","Travellers","Excursionists (same-day) 2 3","Tourists (overnight) 2 3","Travellers","Excursionists (same-day) 2 3","Tourists (overnight) 2 3","Travellers","Excursionists (same-day) 2 3","Tourists (overnight) 2 3","Travellers","Excursionists (same-day) 2 3","Tourists (overnight) 2 3","Travellers","Excursionists (same-day) 2 3","Tourists (overnight) 2 3","Travellers","Excursionists (same-day) 2 3","Tourists (overnight) 2 3","Travellers","Excursionists (same-day) 2 3","Tourists (overnight) 2 3","Travellers","Excursionists (same-day) 2 3","Tourists (overnight) 2 3","Travellers","Excursionists (same-day) 2 3","Tourists (overnight) 2 3","Travellers","Excursionists (same-day) 2 3","Tourists (overnight) 2 3","Travellers","Excursionists (same-day) 2 3","Tourists (overnight) 2 3"
"Traveller characteristics"
,"Travellers",,,,,,,,,,,,,,,,,,,,,,,,,,,,,,,,,,,,,,,,,,,,,,,,,,,,,,,,,,,,,,,,,,,,,,,,,,,,,,,,,,,,,,,,,,,,,,,,,,,,,,,,,,,,,,,,,,,,,,,,,,,,,,,,,,,,,,,,,,,,,,,,,,,,,,,,,,,,,,,,,,,,,,,,,,,,,,,,,,,
"International travellers entering or returning to Canada","6,588,511","...","...","6,227,230","...","...","8,020,709","...","...","7,595,728","...","...","8,227,580","...","...","8,912,201","...","...","10,453,482","...","...","10,921,354","...","...","8,369,374","...","...","7,375,417","...","...","6,405,234","...","...","6,997,520","...","...","6,460,003","...","...","6,066,966","...","...","7,916,982","...","...","7,701,035","...","...","8,288,864","...","...","8,918,874","...","...","10,652,180","...","...","11,281,509","...","...","8,423,601","...","...","7,427,144","...","...","6,530,956","...","...","7,141,914","...","...","6,603,221","...","...","6,472,411","...","...","4,599,473","...","...","614,019","...","...","678,617","...","...","858,709","...","...","944,343","...","...","1,029,863","...","...","1,010,470","...","...","1,039,232","...","...","961,840","...","...","1,046,105","...","...","1,047,375","...","...","875,292","...","...","1,002,245","...","...","999,014","...","...","1,027,393","...","...","1,096,313","...","...","1,339,476","...","...","2,008,418","...","...","2,026,491","...","...","2,102,016","...","...","2,296,178","...","...","2,966,051","...","...","2,050,193","...","...","2,023,220","...","...","3,313,540","...","...","4,488,535","...","...","5,064,462","...","...","5,550,103","...","...","6,924,477","...","...","7,189,241","...","...","5,922,830","...","...","5,772,987","...","...","5,013,599","...","...","5,363,297","...","..."
"Non-resident visitors entering Canada","1,466,125","580,159","885,966","1,526,261","545,795","980,466","1,861,503","673,648","1,187,855","1,815,466","670,636","1,144,830","2,611,707","837,994","1,773,713","3,793,446","1,087,503","2,705,943","4,515,377","1,305,128","3,210,249","4,357,766","1,268,058","3,089,708","3,101,010","973,235","2,127,775","2,330,091","778,051","1,552,040","1,750,313","677,663","1,072,650","2,145,219","742,561","1,402,658","1,492,214","571,420","920,794","1,494,480","528,979","965,501","1,803,565","674,369","1,129,196","2,071,471","711,862","1,359,609","2,808,944","895,840","1,913,104","3,887,483","1,140,624","2,746,859","4,713,420","1,325,121","3,388,299","4,612,427","1,284,640","3,327,787","3,144,439","942,949","2,201,490","2,422,569","781,435","1,641,134","1,786,974","695,182","1,091,792","2,191,785","731,944","1,459,841","1,567,317","594,866","972,451","1,595,707","592,463","1,003,244","760,252","310,786","449,466","67,654","44,033","23,621","86,362","58,318","28,044","121,524","70,929","50,595","141,772","73,985","67,787","158,664","77,031","81,633","147,777","77,184","70,593","139,916","76,886","63,030","127,159","65,186","61,973","154,246","66,798","87,448","120,921","60,945","59,976","101,655","56,996","44,659","123,583","72,354","51,229","130,634","70,149","60,485","140,287","78,582","61,705","162,940","84,538","78,402","258,469","87,428","171,041","600,982","136,926","464,056","671,662","144,312","527,350","649,352","148,213","501,139","560,271","138,025","422,246","761,360","141,404","619,956","298,217","86,064","212,153","419,837","101,318","318,519","614,160","140,925","473,235","1,001,313","281,132","720,181","1,428,129","428,558","999,571","2,188,742","602,685","1,586,057","2,814,980","747,826","2,067,154","2,515,454","696,090","1,819,364","2,029,087","584,826","1,444,261","1,753,188","568,940","1,184,248","1,266,054","429,265","836,789","1,589,448","431,889","1,157,559"
"United States of America residents entering Canada 4 5","1,146,690","576,053","570,637","1,186,593","543,158","643,435","1,495,019","669,056","825,963","1,437,650","664,228","773,422","2,015,515","820,880","1,194,635","2,982,857","1,070,007","1,912,850","3,522,169","1,281,341","2,240,828","3,402,996","1,234,692","2,168,304","2,319,196","955,530","1,363,666","1,795,847","763,655","1,032,192","1,435,666","665,443","770,223","1,672,242","728,044","944,198","1,140,166","559,426","580,740","1,158,358","517,882","640,476","1,457,330","660,124","797,206","1,589,192","691,862","897,330","2,135,005","860,196","1,274,809","2,998,407","1,101,393","1,897,014","3,615,631","1,273,789","2,341,842","3,552,265","1,225,123","2,327,142","2,295,325","904,723","1,390,602","1,854,059","761,927","1,092,132","1,464,188","680,257","783,931","1,697,726","716,408","981,318","1,201,690","580,959","620,731","1,281,300","581,324","699,976","610,781","302,382","308,399","51,042","41,425","9,617","72,078","55,647","16,431","101,607","69,409","32,198","113,414","72,954","40,460","120,824","75,848","44,976","112,980","76,033","36,947","112,513","75,787","36,726","98,444","64,189","34,255","113,887","65,814","48,073","86,456","60,156","26,300","75,398","56,151","19,247","95,943","71,418","24,525","95,634","69,200","26,434","113,451","77,562","35,889","128,447","83,150","45,297","194,799","85,990","108,809","509,669","135,251","374,418","518,223","142,365","375,858","488,616","146,478","342,138","439,089","135,880","303,209","550,264","138,975","411,289","218,558","83,964","134,594","314,845","99,005","215,840","465,235","137,610","327,625","759,600","273,435","486,165","1,112,682","410,949","701,733","1,724,681","577,225","1,147,456","2,193,729","710,236","1,483,493","1,968,894","659,568","1,309,326","1,560,470","540,658","1,019,812","1,386,424","544,035","842,389","1,034,672","416,628","618,044","1,221,069","419,074","801,995"
"United States of America residents, air 5","289,486","44,665","244,821","296,703","45,253","251,450","367,360","55,879","311,481","354,384","70,916","283,468","442,218","86,805","355,413","669,864","127,611","542,253","707,609","107,189","600,420","655,554","100,342","555,212","512,183","79,248","432,935","435,419","61,049","374,370","351,665","50,108","301,557","389,275","50,779","338,496","281,378","32,223","249,155","298,744","30,105","268,639","366,667","40,115","326,552","403,386","46,418","356,968","470,254","40,465","429,789","685,288","63,108","622,180","735,103","60,623","674,480","666,738","45,624","621,114","534,797","39,180","495,617","442,252","35,874","406,378","340,349","34,231","306,118","412,596","34,804","377,792","283,023","28,669","254,354","294,559","26,232","268,327","138,668","15,171","123,497","2,817","1,160","1,657","3,710","1,142","2,568","8,011","1,584","6,427","11,028","1,853","9,175","14,009","2,024","11,985","12,296","1,895","10,401","12,928","1,767","11,161","14,112","1,547","12,565","20,743","1,675","19,068","11,487","1,790","9,697","6,091","887","5,204","4,450","817","3,633","5,105","1,073","4,032","5,625","1,151","4,474","8,237","1,680","6,557","37,113","2,333","34,780","90,826","4,045","86,781","117,621","4,481","113,140","127,057","4,265","122,792","121,562","3,833","117,729","170,313","3,581","166,732","57,701","2,873","54,828","84,740","2,799","81,941","145,457","3,957","141,500","177,986","5,805","172,181","267,730","7,991","259,739","488,894","18,744","470,150","544,342","16,211","528,131","452,798","12,322","440,476","394,645","11,012","383,633","313,331","9,539","303,792","253,464","8,522","244,942","314,029","8,985","305,044"
"United States of America residents, land 4 6","857,092","531,330","325,762","889,718","497,807","391,911","1,127,271","612,967","514,304","1,070,433","591,386","479,047","1,467,447","717,152","750,295","2,098,785","906,218","1,192,567","2,594,853","1,080,843","1,514,010","2,525,958","1,037,245","1,488,713","1,609,931","807,568","802,363","1,291,330","700,599","590,731","1,083,634","615,109","468,525","1,282,920","677,248","605,672","858,662","527,130","331,532","859,511","487,736","371,775","1,089,374","618,889","470,485","1,178,578","643,684","534,894","1,529,589","790,836","738,753","2,092,327","973,757","1,118,570","2,640,986","1,138,688","1,502,298","2,652,451","1,120,740","1,531,711","1,550,516","819,898","730,618","1,326,872","723,802","603,070","1,123,266","645,599","477,667","1,284,817","681,465","603,352","918,575","552,240","366,335","986,589","555,030","431,559","471,980","287,153","184,827","48,197","40,253","7,944","68,280","54,479","13,801","93,220","67,665","25,555","102,027","70,875","31,152","106,490","73,654","32,836","100,402","74,011","26,391","99,451","73,944","25,507","84,283","62,607","21,676","93,127","64,126","29,001","74,962","58,361","16,601","69,287","55,249","14,038","91,445","70,572","20,873","90,365","68,055","22,310","107,208","76,246","30,962","119,614","81,289","38,325","157,251","83,538","73,713","416,743","131,024","285,719","399,252","137,690","261,562","361,227","142,130","219,097","317,449","132,015","185,434","379,852","135,341","244,511","160,707","81,080","79,627","229,815","96,187","133,628","319,098","133,607","185,491","558,454","256,763","301,691","712,782","309,305","403,477","1,036,239","392,562","643,677","1,396,245","488,990","907,255","1,263,991","455,910","808,081","947,905","381,378","566,527","961,917","483,005","478,912","766,242","406,781","359,461","891,140","409,069","482,071"
"United States of America residents, water 6","112","58","54","172","98","74","388","210","178","12,833","1,926","10,907","105,850","16,923","88,927","214,208","36,178","178,030","219,707","93,309","126,398","221,484","97,105","124,379","197,082","68,714","128,368","69,098","2,007","67,091","367","226","141","47","17","30","126","73","53","103","41","62","1,289","1,120","169","7,228","1,760","5,468","135,162","28,895","106,267","220,792","64,528","156,264","239,542","74,478","165,064","233,076","58,759","174,317","210,012","45,645","164,367","84,935","2,251","82,684","573","427","146","313","139","174","92","50","42","152","62","90","133","58","75","28","12","16","88","26","62","376","160","216","359","226","133","325","170","155","282","127","155","134","76","58","49","35","14","17","13","4","7","5","2","20","15","5","48","29","19","164","72","92","618","165","453","596","181","415","435","119","316","2,100","182","1,918","1,350","194","1,156","332","83","249","78","32","46","99","53","46","150","11","139","290","19","271","680","46","634","23,160","10,867","12,293","132,170","93,653","38,517","199,548","165,919","33,629","253,142","205,035","48,107","252,105","191,336","60,769","217,920","148,268","69,652","111,176","51,491","59,685","14,966","1,325","13,641","15,900","1,020","14,880"
"Residents of countries other than the United States of America entering Canada 4 5","319,435","4,106","315,329","339,668","2,637","337,031","366,484","4,592","361,892","377,816","6,408","371,408","596,192","17,114","579,078","810,589","17,496","793,093","993,208","23,787","969,421","954,770","33,366","921,404","781,814","17,705","764,109","534,244","14,396","519,848","314,647","12,220","302,427","472,977","14,517","458,460","352,048","11,994","340,054","336,122","11,097","325,025","346,235","14,245","331,990","482,279","20,000","462,279","673,939","35,644","638,295","889,076","39,231","849,845","1,097,789","51,332","1,046,457","1,060,162","59,517","1,000,645","849,114","38,226","810,888","568,510","19,508","549,002","322,786","14,925","307,861","494,059","15,536","478,523","365,627","13,907","351,720","314,407","11,139","303,268","149,471","8,404","141,067","16,612","2,608","14,004","14,284","2,671","11,613","19,917","1,520","18,397","28,358","1,031","27,327","37,840","1,183","36,657","34,797","1,151","33,646","27,403","1,099","26,304","28,715","997","27,718","40,359","984","39,375","34,465","789","33,676","26,257","845","25,412","27,640","936","26,704","35,000","949","34,051","26,836","1,020","25,816","34,493","1,388","33,105","63,670","1,438","62,232","91,313","1,675","89,638","153,439","1,947","151,492","160,736","1,735","159,001","121,182","2,145","119,037","211,096","2,429","208,667","79,659","2,100","77,559","104,992","2,313","102,679","148,925","3,315","145,610","241,713","7,697","234,016","315,447","17,609","297,838","464,061","25,460","438,601","621,251","37,590","583,661","546,560","36,522","510,038","468,617","44,168","424,449","366,764","24,905","341,859","231,382","12,637","218,745","368,379","12,815","355,564"
"Residents of countries other than the United States of America, air 5","293,447","0","293,447","313,935","0","313,935","334,015","0","334,015","336,315","0","336,315","484,560","0","484,560","682,862","0","682,862","831,780","0","831,780","769,361","0","769,361","629,486","0","629,486","431,362","0","431,362","260,843","0","260,843","412,237","0","412,237","308,116","0","308,116","294,190","0","294,190","296,522","0","296,522","392,668","0","392,668","508,495","0","508,495","694,464","0","694,464","822,073","0","822,073","774,309","0","774,309","630,294","0","630,294","443,167","0","443,167","268,041","0","268,041","431,874","0","431,874","317,526","0","317,526","276,966","0","276,966","128,270","0","128,270","12,076","0","12,076","9,585","0","9,585","15,641","0","15,641","24,130","0","24,130","33,092","0","33,092","30,483","0","30,483","23,366","0","23,366","24,742","0","24,742","36,636","0","36,636","31,254","0","31,254","22,825","0","22,825","24,036","0","24,036","31,579","0","31,579","22,696","0","22,696","29,341","0","29,341","57,800","0","57,800","85,211","0","85,211","146,688","0","146,688","154,460","0","154,460","113,192","0","113,192","200,266","0","200,266","74,412","1,150","73,262","99,375","1,191","98,184","138,494","1,346","137,148","215,863","1,968","213,895","270,192","2,500","267,692","400,659","3,611","397,048","513,034","4,021","509,013","423,848","3,747","420,101","368,135","3,371","364,764","287,465","3,475","283,990","195,425","3,132","192,293","329,467","4,041","325,426"
"Residents of countries other than the United States of America, land 4 6 7","25,939","4,106","21,833","25,658","2,637","23,021","32,261","4,592","27,669","37,054","6,408","30,646","76,547","17,114","59,433","87,533","17,496","70,037","125,648","23,787","101,861","144,927","33,366","111,561","87,204","17,705","69,499","89,886","14,396","75,490","53,515","12,220","41,295","60,593","14,517","46,076","43,822","11,994","31,828","41,845","11,097","30,748","49,274","14,245","35,029","86,075","20,000","66,075","125,659","35,644","90,015","154,502","39,231","115,271","231,481","51,332","180,149","250,441","59,517","190,924","149,599","38,226","111,373","100,360","19,508","80,852","54,358","14,925","39,433","62,057","15,536","46,521","47,991","13,907","34,084","37,275","11,139","26,136","21,126","8,404","12,722","4,513","2,608","1,905","4,654","2,671","1,983","4,161","1,520","2,641","4,154","1,031","3,123","4,709","1,183","3,526","4,277","1,151","3,126","4,026","1,099","2,927","3,944","997","2,947","3,716","984","2,732","3,198","789","2,409","3,411","845","2,566","3,593","936","2,657","3,405","949","2,456","4,116","1,020","3,096","5,075","1,388","3,687","5,722","1,438","4,284","5,860","1,675","4,185","6,445","1,947","4,498","5,962","1,735","4,227","7,805","2,145","5,660","10,684","2,429","8,255","5,218","944","4,274","5,551","1,110","4,441","10,369","1,949","8,420","23,864","4,751","19,113","32,456","6,492","25,964","48,919","9,462","39,457","85,118","14,313","70,805","100,130","16,220","83,910","60,386","9,686","50,700","61,729","11,960","49,769","34,598","9,136","25,462","38,023","8,539","29,484"
"Residents of countries other than the United States of America, water 6","49","0","49","75","0","75","208","0","208","4,447","0","4,447","35,085","0","35,085","40,194","0","40,194","35,780","0","35,780","40,482","0","40,482","65,124","0","65,124","12,996","0","12,996","289","0","289","147","0","147","110","0","110","87","0","87","439","0","439","3,536","0","3,536","39,785","0","39,785","40,110","0","40,110","44,235","0","44,235","35,412","0","35,412","69,221","0","69,221","24,983","0","24,983","387","0","387","128","0","128","110","0","110","166","0","166","75","0","75","23","0","23","45","0","45","115","0","115","74","0","74","39","0","39","37","0","37","11","0","11","29","0","29","7","0","7","13","0","13","21","0","21","11","0","11","16","0","16","24","0","24","77","0","77","148","0","148","242","0","242","306","0","306","314","0","314","185","0","185","146","0","146","29","6","23","66","12","54","62","20","42","1,986","978","1,008","12,799","8,617","4,182","14,483","12,387","2,096","23,099","19,256","3,843","22,582","16,555","6,027","40,096","31,111","8,985","17,570","9,470","8,100","1,359","369","990","889","235","654"
"Canadian-resident visitors returning to Canada 8","4,479,356","1,636,190","2,843,166","4,093,456","1,546,823","2,546,633","5,454,152","2,003,464","3,450,688","5,082,887","1,894,402","3,188,485","4,850,987","2,133,717","2,717,270","4,320,313","2,040,788","2,279,525","5,175,972","2,132,595","3,043,377","5,747,758","2,216,342","3,531,416","4,497,527","1,889,871","2,607,656","4,323,663","1,896,556","2,427,107","4,029,660","1,679,007","2,350,653","4,284,283","1,829,971","2,454,312","4,356,374","1,586,545","2,769,829","4,001,703","1,505,088","2,496,615","5,450,366","1,990,343","3,460,023","4,983,182","1,958,111","3,025,071","4,714,952","2,043,702","2,671,250","4,271,769","1,978,577","2,293,192","5,179,202","2,230,614","2,948,588","5,885,884","2,331,372","3,554,512","4,512,688","1,922,684","2,590,004","4,294,765","1,915,920","2,378,845","4,129,734","1,784,230","2,345,504","4,376,787","1,846,609","2,530,178","4,430,895","1,567,128","2,863,767","4,289,711","1,622,425","2,667,286","3,258,227","889,386","2,368,841","181,085","109,848","71,237","195,637","139,634","56,003","246,682","170,800","75,882","287,015","180,503","106,512","344,846","189,475","155,371","324,815","195,464","129,351","341,256","204,827","136,429","325,853","178,781","147,072","379,325","186,151","193,174","425,521","172,953","252,568","295,857","164,157","131,700","305,700","206,146","99,554","338,383","201,057","137,326","363,228","216,754","146,474","372,046","225,725","146,321","535,100","230,153","304,947","847,856","241,471","606,385","788,341","237,978","550,363","858,223","247,873","610,350","1,152,740","288,457","864,283","1,622,506","518,736","1,103,770","1,153,819","260,596","893,223","1,072,656","260,834","811,822","2,022,744","396,530","1,626,214","2,791,612","842,080","1,949,532","2,860,928","961,088","1,899,840","2,557,706","991,632","1,566,074","3,311,164","1,131,872","2,179,292","3,733,954","1,191,446","2,542,508","2,993,624","1,046,087","1,947,537","3,269,156","1,236,657","2,032,499","3,084,509","1,108,099","1,976,410","3,083,227","1,109,173","1,974,054"
"Canadian residents returning from the United States of America 4 5","3,206,391","1,636,190","1,570,201","2,984,793","1,546,823","1,437,970","4,066,474","2,003,464","2,063,010","3,893,105","1,894,402","1,998,703","3,929,861","2,133,717","1,796,144","3,568,775","2,040,788","1,527,987","4,298,575","2,132,595","2,165,980","4,674,799","2,216,342","2,458,457","3,629,642","1,889,871","1,739,771","3,551,483","1,896,556","1,654,927","3,241,304","1,679,007","1,562,297","3,329,676","1,829,971","1,499,705","3,035,434","1,586,545","1,448,889","2,836,843","1,505,088","1,331,755","4,004,204","1,990,343","2,013,861","3,816,335","1,958,111","1,858,224","3,743,616","2,043,702","1,699,914","3,491,187","1,978,577","1,512,610","4,310,150","2,230,614","2,079,536","4,766,463","2,331,372","2,435,091","3,634,855","1,922,684","1,712,171","3,504,393","1,915,920","1,588,473","3,286,910","1,784,230","1,502,680","3,383,473","1,846,609","1,536,864","3,069,835","1,567,128","1,502,707","3,073,031","1,622,425","1,450,606","2,237,531","889,386","1,348,145","151,775","109,848","41,927","169,316","139,634","29,682","210,824","170,800","40,024","233,672","180,503","53,169","254,258","189,475","64,783","250,399","195,464","54,935","268,993","204,827","64,166","252,607","178,781","73,826","271,069","186,151","84,918","264,999","172,953","92,046","216,261","164,157","52,104","256,854","206,146","50,708","283,318","201,057","82,261","311,849","216,754","95,095","310,858","225,725","85,133","393,797","230,153","163,644","506,130","241,471","264,659","474,741","237,978","236,763","556,775","247,873","308,902","785,838","288,457","497,381","1,119,062","518,736","600,326","690,166","253,958","436,208","686,331","255,626","430,705","1,337,777","389,978","947,799","2,082,892","835,497","1,247,395","2,208,563","954,438","1,254,125","1,986,034","983,878","1,002,156","2,590,353","1,123,005","1,467,348","2,981,103","1,186,703","1,794,400","2,454,950","1,042,322","1,412,628","2,779,021","1,232,957","1,546,064","2,576,314","1,103,827","1,472,487","2,468,779","1,097,867","1,370,912"
"Canadian residents returning from the United States of America, air 5","872,392","5,277","867,115","852,060","5,138","846,922","1,039,645","6,342","1,033,303","956,969","4,690","952,279","774,033","4,002","770,031","616,354","3,330","613,024","652,977","4,956","648,021","736,841","5,571","731,270","687,699","5,250","682,449","798,215","913","797,302","838,853","861","837,992","808,470","850","807,620","904,756","113,369","791,387","905,637","110,419","795,218","1,138,388","135,675","1,002,713","985,940","115,726","870,214","805,734","77,551","728,183","638,538","52,698","585,840","662,300","62,771","599,529","739,182","65,865","673,317","707,125","59,766","647,359","815,519","78,043","737,476","882,499","80,692","801,807","853,109","72,918","780,191","936,866","89,701","847,165","928,622","85,105","843,517","699,131","66,859","632,272","10,969","2,382","8,587","9,573","1,772","7,801","16,163","2,253","13,910","26,156","2,476","23,680","36,544","5,163","31,381","32,322","3,294","29,028","42,222","6,515","35,707","54,473","7,939","46,534","62,463","7,792","54,671","72,649","9,137","63,512","32,198","4,287","27,911","18,870","3,388","15,482","23,586","4,372","19,214","28,189","5,875","22,314","25,263","3,514","21,749","93,199","5,389","87,810","170,043","6,678","163,365","175,704","6,891","168,813","253,509","10,042","243,467","324,867","11,020","313,847","335,437","11,828","323,609","261,143","11,022","250,121","276,540","9,473","267,067","549,331","14,869","534,462","611,533","16,135","595,398","593,245","15,708","577,537","448,483","16,463","432,020","503,589","16,642","486,947","685,025","17,326","667,699","720,137","17,693","702,444","867,635","19,493","848,142","947,892","24,466","923,426","924,034","35,385","888,649"
"Canadian residents returning from the United States of America, land 4 6","2,333,912","1,630,913","702,999","2,132,580","1,541,685","590,895","3,026,524","1,997,118","1,029,406","2,929,605","1,889,393","1,040,212","3,127,170","2,128,426","998,744","2,933,618","2,035,659","897,959","3,616,981","2,127,632","1,489,349","3,901,715","2,210,764","1,690,951","2,909,266","1,884,618","1,024,648","2,742,215","1,895,643","846,572","2,402,231","1,678,146","724,085","2,521,169","1,829,121","692,048","2,130,547","1,473,128","657,419","1,931,112","1,394,630","536,482","2,863,431","1,854,570","1,008,861","2,827,799","1,842,143","985,656","2,905,090","1,965,330","939,760","2,832,834","1,923,757","909,077","3,618,927","2,162,009","1,456,918","3,990,837","2,256,347","1,734,490","2,886,559","1,859,401","1,027,158","2,678,978","1,837,040","841,938","2,401,886","1,703,413","698,473","2,530,244","1,773,650","756,594","2,132,891","1,477,393","655,498","2,144,269","1,537,269","607,000","1,538,185","822,407","715,778","140,775","107,454","33,321","159,648","137,819","21,829","194,451","168,454","25,997","207,192","177,825","29,367","217,375","184,075","33,300","217,801","191,988","25,813","226,634","198,224","28,410","198,069","170,780","27,289","208,552","178,321","30,231","192,318","163,785","28,533","184,000","159,823","24,177","237,884","202,704","35,180","259,592","196,608","62,984","283,359","210,707","72,652","285,139","221,963","63,176","300,171","224,523","75,648","335,714","234,691","101,023","298,613","231,025","67,588","303,044","237,691","65,353","460,839","277,375","183,464","783,556","506,869","276,687","428,880","242,924","185,956","409,574","246,135","163,439","788,127","375,064","413,063","1,461,269","814,715","646,554","1,592,223","926,163","666,060","1,518,271","955,837","562,434","2,049,906","1,084,152","965,754","2,253,542","1,143,914","1,109,628","1,697,525","1,001,452","696,073","1,888,710","1,200,942","687,768","1,619,412","1,074,075","545,337","1,539,215","1,060,155","479,060"
"Canadian residents returning from the United States of America, water 6","87","0","87","153","0","153","305","4","301","6,531","319","6,212","28,658","1,289","27,369","18,803","1,799","17,004","28,617","7","28,610","36,243","7","36,236","32,677","3","32,674","11,053","0","11,053","220","0","220","37","0","37","131","48","83","94","39","55","2,385","98","2,287","2,596","242","2,354","32,792","821","31,971","19,815","2,122","17,693","28,923","5,834","23,089","36,444","9,160","27,284","41,171","3,517","37,654","9,896","837","9,059","2,525","125","2,400","120","41","79","78","34","44","140","51","89","215","120","95","31","12","19","95","43","52","210","93","117","324","202","122","339","237","102","276","182","94","137","88","49","65","62","3","54","38","16","32","31","1","63","47","16","100","54","46","140","77","63","301","172","129","456","248","208","427","241","186","373","102","271","424","62","362","222","140","82","132","62","70","69","39","30","143","12","131","217","18","199","319","45","274","10,090","4,647","5,443","23,095","12,567","10,528","19,280","11,578","7,702","36,858","22,211","14,647","42,536","25,463","17,073","37,288","23,177","14,111","22,676","12,522","10,154","9,010","5,286","3,724","5,530","2,327","3,203"
"Canadian residents returning from countries other than the United States of America 4 5","1,272,965","0","1,272,965","1,108,663","0","1,108,663","1,387,678","0","1,387,678","1,189,782","0","1,189,782","921,126","0","921,126","751,538","0","751,538","877,397","0","877,397","1,072,959","0","1,072,959","867,885","0","867,885","772,180","0","772,180","788,356","0","788,356","954,607","0","954,607","1,320,940","0","1,320,940","1,164,860","0","1,164,860","1,446,162","0","1,446,162","1,166,847","0","1,166,847","971,336","0","971,336","780,582","0","780,582","869,052","0","869,052","1,119,421","0","1,119,421","877,833","0","877,833","790,372","0","790,372","842,824","0","842,824","993,314","0","993,314","1,361,060","0","1,361,060","1,216,680","0","1,216,680","1,020,696","0","1,020,696","29,310","0","29,310","26,321","0","26,321","35,858","0","35,858","53,343","0","53,343","90,588","0","90,588","74,416","0","74,416","72,263","0","72,263","73,246","0","73,246","108,256","0","108,256","160,522","0","160,522","79,596","0","79,596","48,846","0","48,846","55,065","0","55,065","51,379","0","51,379","61,188","0","61,188","141,303","0","141,303","341,726","0","341,726","313,600","0","313,600","301,448","0","301,448","366,902","0","366,902","503,444","0","503,444","463,653","6,638","457,015","386,325","5,208","381,117","684,967","6,552","678,415","708,720","6,583","702,137","652,365","6,650","645,715","571,672","7,754","563,918","720,811","8,867","711,944","752,851","4,743","748,108","538,674","3,765","534,909","490,135","3,700","486,435","508,195","4,272","503,923","614,448","11,306","603,142"
"Canadian residents returning from countries other than the United States of America, air 5","1,272,541","0","1,272,541","1,108,340","0","1,108,340","1,387,211","0","1,387,211","1,189,529","0","1,189,529","919,877","0","919,877","750,912","0","750,912","875,141","0","875,141","1,070,515","0","1,070,515","866,247","0","866,247","771,706","0","771,706","788,333","0","788,333","954,587","0","954,587","1,320,923","0","1,320,923","1,164,857","0","1,164,857","1,446,125","0","1,446,125","1,166,788","0","1,166,788","970,384","0","970,384","779,726","0","779,726","866,473","0","866,473","1,116,906","0","1,116,906","876,048","0","876,048","789,802","0","789,802","842,797","0","842,797","993,236","0","993,236","1,361,044","0","1,361,044","1,216,680","0","1,216,680","1,020,663","0","1,020,663","29,301","0","29,301","26,321","0","26,321","35,851","0","35,851","53,342","0","53,342","90,586","0","90,586","74,415","0","74,415","72,262","0","72,262","73,244","0","73,244","108,252","0","108,252","160,521","0","160,521","79,596","0","79,596","48,843","0","48,843","55,064","0","55,064","51,379","0","51,379","61,184","0","61,184","141,303","0","141,303","341,699","0","341,699","313,550","0","313,550","301,399","0","301,399","366,881","0","366,881","503,416","0","503,416","463,545","6,629","456,916","386,253","5,205","381,048","684,814","6,531","678,283","707,603","6,098","701,505","651,698","6,605","645,093","570,037","7,045","562,992","718,029","8,435","709,594","748,823","3,947","744,876","536,684","3,316","533,368","489,263","3,477","485,786","507,592","4,204","503,388","613,029","11,241","601,788"
"Canadian residents returning from countries other than the United States of America, land 4 6","420","0","420","310","0","310","463","0","463","0","0","0","0","0","0","0","0","0","0","0","0","0","0","0","0","0","0","0","0","0","0","0","0","0","0","0","0","0","0","0","0","0","0","0","0","0","0","0","0","0","0","0","0","0","0","0","0","0","0","0","0","0","0","0","0","0","0","0","0","0","0","0","0","0","0","0","0","0","0","0","0","0","0","0","0","0","0","0","0","0","0","0","0","0","0","0","0","0","0","0","0","0","0","0","0","0","0","0","0","0","0","0","0","0","0","0","0","0","0","0","0","0","0","0","0","0","0","0","0","0","0","0","0","0","0","0","0","0","0","0","0","0","0","0","107","9","98","68","3","65","140","21","119","241","30","211","333","44","289","297","49","248","726","74","652","1,051","81","970","672","63","609","558","74","484","570","68","502","1,354","61","1,293"
"Canadian residents returning from countries other than the United States of America, water 6","4","0","4","13","0","13","4","0","4","253","0","253","1,249","0","1,249","626","0","626","2,256","0","2,256","2,444","0","2,444","1,638","0","1,638","474","0","474","23","0","23","20","0","20","17","0","17","3","0","3","37","0","37","59","0","59","952","0","952","856","0","856","2,579","0","2,579","2,515","0","2,515","1,785","0","1,785","570","0","570","27","0","27","78","0","78","16","0","16","0","0","0","33","0","33","9","0","9","0","0","0","7","0","7","1","0","1","2","0","2","1","0","1","1","0","1","2","0","2","4","0","4","1","0","1","0","0","0","3","0","3","1","0","1","0","0","0","4","0","4","0","0","0","27","0","27","50","0","50","49","0","49","21","0","21","28","0","28","1","0","1","4","0","4","13","0","13","876","455","421","334","1","333","1,338","660","678","2,056","358","1,698","2,977","715","2,262","1,318","386","932","314","149","165","33","0","33","65","4","61"
"Other travellers entering or returning to Canada 5 8 9","643,030","...","...","607,513","...","...","705,054","...","...","697,375","...","...","764,886","...","...","798,442","...","...","762,133","...","...","815,830","...","...","770,837","...","...","721,663","...","...","625,261","...","...","568,018","...","...","611,415","...","...","570,783","...","...","663,051","...","...","646,382","...","...","764,968","...","...","759,622","...","...","759,558","...","...","783,198","...","...","766,474","...","...","709,810","...","...","614,248","...","...","573,342","...","...","605,009","...","...","586,993","...","...","580,994","...","...","365,280","...","...","396,618","...","...","490,503","...","...","515,556","...","...","526,353","...","...","537,878","...","...","558,060","...","...","508,828","...","...","512,534","...","...","500,933","...","...","477,780","...","...","572,962","...","...","529,997","...","...","523,878","...","...","561,327","...","...","545,907","...","...","559,580","...","...","566,488","...","...","594,441","...","...","583,167","...","...","582,185","...","...","598,157","...","...","530,727","...","...","676,636","...","...","695,610","...","...","775,405","...","...","803,655","...","...","798,333","...","...","939,833","...","...","900,119","...","...","750,643","...","...","663,036","...","...","690,622","...","..."
"Crew entering or returning to Canada 4 7","591,511","...","...","569,864","...","...","658,286","...","...","644,022","...","...","728,582","...","...","745,837","...","...","708,950","...","...","762,543","...","...","724,195","...","...","684,136","...","...","600,118","...","...","543,299","...","...","582,048","...","...","546,134","...","...","631,859","...","...","613,594","...","...","730,768","...","...","724,544","...","...","724,679","...","...","747,559","...","...","731,045","...","...","677,695","...","...","587,583","...","...","547,611","...","...","578,548","...","...","561,690","...","...","562,728","...","...","362,330","...","...","392,887","...","...","484,170","...","...","504,346","...","...","516,018","...","...","529,039","...","...","550,799","...","...","501,745","...","...","503,798","...","...","491,956","...","...","468,195","...","...","564,708","...","...","522,218","...","...","516,165","...","...","552,717","...","...","533,012","...","...","547,163","...","...","550,423","...","...","577,981","...","...","568,278","...","...","563,343","...","...","500,680","...","...","476,763","...","...","612,149","...","...","603,538","...","...","679,988","...","...","713,386","...","...","697,374","...","...","737,690","...","...","733,015","...","...","657,220","...","...","581,922","...","...","540,605","...","..."
"Crew, United States of America residents entering Canada 4","111,932","...","...","109,262","...","...","119,293","...","...","116,070","...","...","124,076","...","...","123,842","...","...","118,231","...","...","127,023","...","...","112,407","...","...","118,756","...","...","104,480","...","...","94,098","...","...","102,709","...","...","96,130","...","...","109,691","...","...","105,027","...","...","118,185","...","...","112,848","...","...","110,625","...","...","113,910","...","...","108,064","...","...","107,538","...","...","96,836","...","...","92,266","...","...","96,589","...","...","95,129","...","...","94,178","...","...","57,743","...","...","59,880","...","...","75,874","...","...","76,047","...","...","78,339","...","...","78,247","...","...","78,851","...","...","71,564","...","...","72,966","...","...","72,474","...","...","66,619","...","...","81,892","...","...","69,970","...","...","68,602","...","...","74,989","...","...","68,814","...","...","73,050","...","...","70,929","...","...","77,046","...","...","73,065","...","...","72,675","...","...","55,274","...","...","52,286","...","...","66,654","...","...","63,201","...","...","69,653","...","...","72,064","...","...","67,297","...","...","73,655","...","...","71,387","...","...","68,261","...","...","63,367","...","...","59,765","...","..."
"Crew, residents of countries other than the United States of America entering Canada 4 7","32,321","...","...","28,294","...","...","33,984","...","...","47,106","...","...","102,871","...","...","134,813","...","...","131,801","...","...","136,232","...","...","155,773","...","...","73,791","...","...","31,197","...","...","33,930","...","...","32,405","...","...","28,613","...","...","34,962","...","...","39,894","...","...","119,966","...","...","142,790","...","...","146,885","...","...","143,161","...","...","165,558","...","...","85,848","...","...","32,451","...","...","32,981","...","...","31,315","...","...","27,283","...","...","23,385","...","...","11,800","...","...","12,470","...","...","13,275","...","...","15,730","...","...","17,426","...","...","16,661","...","...","18,314","...","...","17,144","...","...","16,481","...","...","15,417","...","...","13,759","...","...","15,249","...","...","15,374","...","...","17,102","...","...","18,573","...","...","21,568","...","...","21,196","...","...","22,518","...","...","23,733","...","...","23,756","...","...","24,455","...","...","23,171","...","...","19,026","...","...","24,773","...","...","46,663","...","...","114,503","...","...","127,595","...","...","151,814","...","...","154,696","...","...","162,163","...","...","100,077","...","...","36,110","...","...","32,980","...","..."
"Crew, Canadian residents returning to Canada 4","447,258","...","...","432,308","...","...","505,009","...","...","480,846","...","...","501,635","...","...","487,182","...","...","458,918","...","...","499,288","...","...","456,015","...","...","491,589","...","...","464,441","...","...","415,271","...","...","446,934","...","...","421,391","...","...","487,206","...","...","468,673","...","...","492,617","...","...","468,906","...","...","467,169","...","...","490,488","...","...","457,423","...","...","484,309","...","...","458,296","...","...","422,364","...","...","450,644","...","...","439,278","...","...","445,165","...","...","292,787","...","...","320,537","...","...","395,021","...","...","412,569","...","...","420,253","...","...","434,131","...","...","453,634","...","...","413,037","...","...","414,351","...","...","404,065","...","...","387,817","...","...","467,567","...","...","436,874","...","...","430,461","...","...","459,155","...","...","442,630","...","...","452,917","...","...","456,976","...","...","477,202","...","...","471,457","...","...","466,213","...","...","422,235","...","...","405,451","...","...","520,722","...","...","493,674","...","...","495,832","...","...","513,727","...","...","478,263","...","...","509,339","...","...","499,465","...","...","488,882","...","...","482,445","...","...","447,860","...","..."
"Other non-tourism related purposes 5 9 10","51,519","...","...","37,649","...","...","46,768","...","...","53,353","...","...","36,304","...","...","52,605","...","...","53,183","...","...","53,287","...","...","46,642","...","...","37,527","...","...","25,143","...","...","24,719","...","...","29,367","...","...","24,649","...","...","31,192","...","...","32,788","...","...","34,200","...","...","35,078","...","...","34,879","...","...","35,639","...","...","35,429","...","...","32,115","...","...","26,665","...","...","25,731","...","...","26,461","...","...","25,303","...","...","18,266","...","...","2,950","...","...","3,731","...","...","6,333","...","...","11,210","...","...","10,335","...","...","8,839","...","...","7,261","...","...","7,083","...","...","8,736","...","...","8,977","...","...","9,585","...","...","8,254","...","...","7,779","...","...","7,713","...","...","8,610","...","...","12,895","...","...","12,417","...","...","16,065","...","...","16,460","...","...","14,889","...","...","18,842","...","...","97,477","...","...","53,964","...","...","64,487","...","...","92,072","...","...","95,417","...","...","90,269","...","...","100,959","...","...","202,143","...","...","167,104","...","...","93,423","...","...","81,114","...","...","150,017","...","..."

Symbol legend:
..., not applicable




Footnotes:
1,"Throughout the existence of the Tourism Statistics Program, Statistics Canada introduced changes to improve the quality of its data (for example, a new data source, a new estimation method). For further information on the methodology used by Frontier Counts or the changes implemented over time, users are advised to consult the <a href="https://www23.statcan.gc.ca/imdb/p2SV.pl?Function=getSurvey&SDDS=5005" rel="external noopener noreferrer" target="_blank">Frontier Counts (opens new window)</a> pages."
2,"Prior to 2022, all residents of countries other than the United States of America entering by air or water were considered tourists (overnight visitors). As of January 2022, if these travellers are recorded as same-day, they will be published as excursionists."
3,"Prior to 2022, all Canadian residents returning from countries other than the United States of America were considered tourists (overnight visitors). As of January 2022, if these travellers are recorded as same-day, they will be published as excursionists."
4,"As of January 2022, one passenger from each bus record is considered a crew member. Prior to 2022, there were no crew from bus travellers."
5,"As of January 2022, travellers from Primary Inspection Kiosks (PIK) who declare their purpose of trip as work are classified as "other travellers" (not as visitors),  in order to align with United Nations World Tourism Organization recommendations. Prior to 2022, they were considered as visitors."
6,"As of January 2022, all ferry travellers are included in the water mode, in order to align with United Nations World Tourism Organization recommendations. Prior to 2022, most of these travellers were included in the land mode as either pedestrian or automobile travellers (the only exception was Fortune, in Newfoundland and Labrador)."
7,"Prior to 2022, crew residing in countries other than the United States of America entering by land were considered tourists (overnight visitors). As of January 2022, they are considered as crew ("other travellers")."
8,"As of January 2022, non-resident travellers with a trip duration of 365 days or more are considered as "other travellers" (not as visitors). Prior to 2022, they were reclassified as Canadian-resident visitors."
9,"Prior to 2022, land immigration data from the Immigration, Refugees and Citizenship Canada were added as “other travellers”. As of January 2022, as data from the Canada Border Services Agency already include persons immigrating to Canada by land (although they are not indicated specifically as immigrants), in order to avoid overestimating the number of arrivals in Canada, only data from CBSA is retained and those travellers are counted as visitors by default."
10,"In this table, "other non-tourism related purposes" includes work, immigration, military service, diplomats or members of consular staff."



"How to cite: Statistics Canada. Table 24-10-0053-01  International travellers entering or returning to Canada, by type of transportation and traveller type"
https://www150.statcan.gc.ca/t1/tbl1/en/tv.action?pid=2410005301